,NBE1,
,EMP12345,
,NBE1file2,
,NBE1file2sheet1, ,sheet1,
,comment, ,sheet1 completed,
,auditee, ,avinash,
,how are you?, ,Descriptive, ,fine,
,are you all right?, ,yes/no, ,NO,
,NBE1file2sheet2, ,sheet2,
,comment, ,asd,
,auditee, ,asd,
,NBE1file2sheet3, ,sheet3,
,comment, ,qwer,
,auditee, ,qwer,
,JIYO12345,
,NBE1file1,
,NBE1file1sheet1, ,sheet1,
,NBE1file1sheet2, ,sheet2,
,comment, ,dfg,
,auditee, ,amk,
,how are you, ,Descriptive, ,fine,
,whaat do you do, ,yes/no, ,NO,
,how good are you?, ,rating, ,2,
